PDB_ID,cdr3,antigen.epitope,prediction_score
1AO7,CASRPGLAGGRPEQYF,LLFGYPVYV,0.3851195
1BD2,CASSYPGGGFYEQYF,LLFGYPVYV,0.39705315
1MI5,CASSLGQAYEQYF,FLRGRAYGL,0.9890571
1OGA,CASSSRSSYEQYF,GILGFVFTL,0.94005764
1QRN,CASRPGLAGGRPEQYF,LLFGYAVYV,0.3887335
1QSE,CASRPGLAGGRPEQYF,LLFGYPRYV,0.3762277
1QSF,CASRPGLAGGRPEQYF,LLFGYPVAV,0.4609519
2BNQ,CASSYVGNTGELFF,SLLMWITQV,0.66716826
2BNR,CASSYVGNTGELFF,SLLMWITQC,0.64546174
2ESV,CASSQDRDTQYF,VMAPRTLIL,0.51299006
2F53,CASSYVGNTGELFF,SLLMWITQC,0.64546174
2F54,CASSYVGNTGELFF,SLLMWITQC,0.64546174
2GJ6,CASRPGLAGGRPEQYF,LLFGKPVYV,0.74701554
2NX5,CATGTGDSNQPQHF,EPLPQGQLTAY,0.9652253
2P5E,CASSYLGNTGELFF,SLLMWITQC,0.6056512
2P5W,CASSYLGNTGELFF,SLLMWITQC,0.6056512
2PYE,CASSYLGNTGELFF,SLLMWITQC,0.6056512
2VLJ,CASSSRSSYEQYF,GILGFVFTL,0.94005764
2VLK,CASSSRSSYEQYF,GILGFVFTL,0.94005764
2VLR,CASSSRASYEQYF,GILGFVFTL,0.97086304
2YPL,CASTGSYGYTF,KAFSPEVIPMF,0.99283266
3DXA,CASRYRDDSYNEQFF,EENLLDFVRF,0.10283774
3FFC,CASSFTWTSGGATDTQYF,FLRGRAYGL,0.6189639
3GSN,CASSPVTGGIYGYTF,NLVPMVATV,0.9250173
3H9S,CASRPGLAGGRPEQYF,MLWGYLQYV,0.1477867
3HG1,CAWSETGLGTGELFF,ELAGIGILTV,0.13799152
3KPR,CASSLGQAYEQYF,EEYLKAWTF,0.94698274
3KPS,CASSLGQAYEQYF,EEYLQAFTY,0.7549188
3MV7,CASSARSGELFF,HPVGEADYFEY,0.99623626
3MV8,CASSARSGELFF,HPVGEADYFEY,0.99623626
3MV9,CASSARSGELFF,HPVGEADYFEY,0.99623626
3O4L,CSARDGTGNGYTF,GLCTLVAML,0.94962734
3PWP,CASRPGLAGGRPEQYF,LGYGFVNYI,0.23885569
3QDG,CASSLSFGTEAFF,ELAGIGILTV,0.6638325
3QDJ,CASSLSFGTEAFF,AAGIGILTV,0.6786705
3QDM,CAISEVGVGQPQHF,ELAGIGILTV,0.80675757
3QEQ,CAISEVGVGQPQHF,AAGIGILTV,0.76287663
3QFJ,CASRPGLAGGRPEQYF,LLFGFPVYV,0.53076535
3SJV,CASGQGNFDIQYF,FLRGRAYGL,0.81011516
3UTS,CASSLWEKLAKNIQYF,ALWGPDPAAA,0.43105802
3UTT,CASSLWEKLAKNIQYF,ALWGPDPAAA,0.43105802
3VXM,CASSPTSGIYEQYF,RFPLTFGWCF,0.25345737
3VXR,CASSSWDTGELFF,RYPLTFGWCF,0.28352126
3VXS,CASSSWDTGELFF,RYPLTLGWCF,0.36567235
3VXU,CASSGASHEQYF,RFPLTFGWCF,0.667849
4EUP,CASSFLGTGVEQYF,ALGIGILTV,0.7869897
4FTV,CASRPGLMSAQPEQYF,LLFGYPVYV,0.22719792
4G8G,CASREGLGGTEAFF,KRWIILGLNK,0.7900504
4G9F,CASREGLGGTEAFF,KRWIIMGLNK,0.7759408
4JFD,CAWSETGLGMGGWQF,ELAAIGILTV,0.117068164
4JFE,CAWSETGLGMGGWQF,ELAGIGALTV,0.12056564
4JFF,CAWSETGLGMGGWQF,ELAGIGILTV,0.04875171
4L3E,CASSWSFGTEAFF,ELAGIGILTV,0.8527197
4MJI,CASSLTGGGELFF,TAFTIPSI,0.95115244
4MNQ,CASSYQGTEAFF,ILAKFLHWL,0.48156926
4PRH,CASSARSGELFF,HPVGDADYFEY,0.9938974
4PRI,CASSARSGELFF,HPVGEADYFEY,0.99623626
4PRP,CASSARSGELFF,HPVGQADYFEY,0.9835724
4QOK,CAWSETGLGTGELFF,EAAGIGILTV,0.25748947
4QRP,CASSLRGRGDQPQHF,HSKKKCDEL,0.58018464
4QRR,CASSLEGGYYNEQFF,IPSINVHHY,0.119836904
5BRZ,CASSFNMATGQYF,EVDPIGHLY,0.5322478
5BS0,CASSFNMATGQYF,ESDPIVAQY,0.43012962
5C07,CASSLWEKLAKNIQYF,YQFGPDFPIA,0.24541998
5C08,CASSLWEKLAKNIQYF,RQWGPDPAAV,0.30395532
5C09,CASSLWEKLAKNIQYF,YLGGPDFPTI,0.56666285
5C0A,CASSLWEKLAKNIQYF,MVWGPDPLYV,0.9262224
5C0B,CASSLWEKLAKNIQYF,RQFGPDFPTI,0.08795555
5C0C,CASSLWEKLAKNIQYF,RQFGPDWIVA,0.15100075
5D2L,CASSQTQLWETQYF,NLVPMVATV,0.7384077
5D2N,CASSLAPGTTNEKLFF,NLVPMVATV,0.6048912
5E6I,CASSLIYPGELFF,GILGFVFTL,0.7848861
5E9D,CASRPGWMAGGVELYF,ELAGIGILTV,0.811921
5EU6,CASSFIGGTDTQYF,YLEPGPVTV,0.12525433
5EUO,CASSIRSSYEQYF,GILGFVFTL,0.9857782
5HHM,CASSSRSSYEQYF,GILGLVFTL,0.7989432
5HHO,CASSIRSSYEQYF,GILEFVFTL,0.9082877
5HYJ,CASSLWEKLAKNIQYF,AQWGPDPAAA,0.5242839
5ISZ,CASSIFGQREQYF,GILGFVFTL,0.9639256
5JHD,CASSIGVYGYTF,GILGFVFTL,0.9850915
5JZI,CASRRGPYEQYF,KLVALGINAV,0.83066636
5MEN,CASSYQGTEAFF,ILAKFLHWL,0.48156926
5NHT,CASSQGLAGAGELFF,ELAGIGILTV,0.6991396
5NME,CASSDTVSYEQYF,SLYNTVATL,0.7942977
5NMF,CASSDTVSYEQYF,SLYNTIATL,0.7846659
5NMG,CASSDTVSYEQYF,SLFNTIAVL,0.7959899
5NQK,CASSQGLAGAGELFF,ELAGIGILTV,0.6991396
5TEZ,CASSLLGGWSEAFF,GILGFVFTL,0.9198384
5WKF,CASSLGQGLLYGYTF,GTSGSPIVNR,0.13710767
5WKH,CASSLGQGLLYGYTF,GTSGSPIINR,0.13233596
5XOT,CASRTRGGTLIEQYF,IPLTEEAEL,0.077693135
5XOV,CAWSVSVGAGVPTIYF,RYPLTFGWCF,0.34677467
5YXN,CASRRGPYEQYF,KLVALGINAV,0.83066636
5YXU,CASRRGSAELYF,KLVALGINAV,0.7471212
6AM5,CASSLSFGTEAFF,SMLGIGIVPV,0.703451
6AMU,CASSLSFGTEAFF,MMWDRGLGMM,0.121455826
6BJ2,CASSFRGGKTQYF,IPLTEEAEL,0.9440066
6BJ3,CASRTRGGTLIEQYF,IPLTEEAEL,0.077693135
6BJ8,CASRTRGGTLIEQYF,VPLTEDAEL,0.15254156
6D78,CASSWSFGTEAFF,AAGIGILTV,0.57601994
6DKP,CASSWSFGTEAFF,ELAGIGILTV,0.8527197
6EQA,CAWSETGLGTGELFF,AAGIGILTV,0.21416943
6EQB,CAWSETGLGMGGWQF,AAGIGILTV,0.13514502
6MTM,CASSMSAMGTEAFF,FEDLRVLSF,0.4216158
6Q3S,CASSYVGNTGELFF,SLLMWITQV,0.66716826
