PDB_ID;cdr3;antigen.epitope
1AO7;CASRPGLAGGRPEQYF;LLFGYPVYV
1BD2;CASSYPGGGFYEQYF;LLFGYPVYV
1MI5;CASSLGQAYEQYF;FLRGRAYGL
1OGA;CASSSRSSYEQYF;GILGFVFTL
1QRN;CASRPGLAGGRPEQYF;LLFGYAVYV
1QSE;CASRPGLAGGRPEQYF;LLFGYPRYV
1QSF;CASRPGLAGGRPEQYF;LLFGYPVAV
2AK4;CASPGLAGEYEQYF;LPEPLPQGQLTAY
2BNQ;CASSYVGNTGELFF;SLLMWITQV
2BNR;CASSYVGNTGELFF;SLLMWITQC
2ESV;CASSQDRDTQYF;VMAPRTLIL
2F53;CASSYVGNTGELFF;SLLMWITQC
2F54;CASSYVGNTGELFF;SLLMWITQC
2GJ6;CASRPGLAGGRPEQYF;LLFGKPVYV
2NX5;CATGTGDSNQPQHF;EPLPQGQLTAY
2P5E;CASSYLGNTGELFF;SLLMWITQC
2P5W;CASSYLGNTGELFF;SLLMWITQC
2PYE;CASSYLGNTGELFF;SLLMWITQC
2VLJ;CASSSRSSYEQYF;GILGFVFTL
2VLK;CASSSRSSYEQYF;GILGFVFTL
2VLR;CASSSRASYEQYF;GILGFVFTL
2YPL;CASTGSYGYTF;KAFSPEVIPMF
3D39;CASRPGLAGGRPEQYF;LLFG(PFF)PVYV
3D3V;CASRPGLAGGRPEQYF;LLFG(F2F)PVYV
3DXA;CASRYRDDSYNEQFF;EENLLDFVRF
3FFC;CASSFTWTSGGATDTQYF;FLRGRAYGL
3GSN;CASSPVTGGIYGYTF;NLVPMVATV
3H9S;CASRPGLAGGRPEQYF;MLWGYLQYV
3HG1;CAWSETGLGTGELFF;ELAGIGILTV
3KPR;CASSLGQAYEQYF;EEYLKAWTF
3KPS;CASSLGQAYEQYF;EEYLQAFTY
3KXF;CASPGLAGEYEQYF;LPEPLPQGQLTAY
3MV7;CASSARSGELFF;HPVGEADYFEY
3MV8;CASSARSGELFF;HPVGEADYFEY
3MV9;CASSARSGELFF;HPVGEADYFEY
3O4L;CSARDGTGNGYTF;GLCTLVAML
3PWP;CASRPGLAGGRPEQYF;LGYGFVNYI
3QDG;CASSLSFGTEAFF;ELAGIGILTV
3QDJ;CASSLSFGTEAFF;AAGIGILTV
3QDM;CAISEVGVGQPQHF;ELAGIGILTV
3QEQ;CAISEVGVGQPQHF;AAGIGILTV
3QFJ;CASRPGLAGGRPEQYF;LLFGFPVYV
3SJV;CASGQGNFDIQYF;FLRGRAYGL
3UTS;CASSLWEKLAKNIQYF;ALWGPDPAAA
3UTT;CASSLWEKLAKNIQYF;ALWGPDPAAA
3VXM;CASSPTSGIYEQYF;RFPLTFGWCF
3VXR;CASSSWDTGELFF;RYPLTFGWCF
3VXS;CASSSWDTGELFF;RYPLTLGWCF
3VXU;CASSGASHEQYF;RFPLTFGWCF
4EUP;CASSFLGTGVEQYF;ALGIGILTV
4FTV;CASRPGLMSAQPEQYF;LLFGYPVYV
4G8G;CASREGLGGTEAFF;KRWIILGLNK
4G9F;CASREGLGGTEAFF;KRWIIMGLNK
4JFD;CAWSETGLGMGGWQF;ELAAIGILTV
4JFE;CAWSETGLGMGGWQF;ELAGIGALTV
4JFF;CAWSETGLGMGGWQF;ELAGIGILTV
4JRX;CASPGETEAFF;LPEPLPQGQLTAY
4JRY;CASSRTGSTYEQYF;LPEPLPQGQLTAY
4L3E;CASSWSFGTEAFF;ELAGIGILTV
4MJI;CASSLTGGGELFF;TAFTIPSI
4MNQ;CASSYQGTEAFF;ILAKFLHWL
4PRH;CASSARSGELFF;HPVGDADYFEY
4PRI;CASSARSGELFF;HPVGEADYFEY
4PRP;CASSARSGELFF;HPVGQADYFEY
4QOK;CAWSETGLGTGELFF;EAAGIGILTV
4QRP;CASSLRGRGDQPQHF;HSKKKCDEL
4QRR;CASSLEGGYYNEQFF;IPSINVHHY
5BRZ;CASSFNMATGQYF;EVDPIGHLY
5BS0;CASSFNMATGQYF;ESDPIVAQY
5C07;CASSLWEKLAKNIQYF;YQFGPDFPIA
5C08;CASSLWEKLAKNIQYF;RQWGPDPAAV
5C09;CASSLWEKLAKNIQYF;YLGGPDFPTI
5C0A;CASSLWEKLAKNIQYF;MVWGPDPLYV
5C0B;CASSLWEKLAKNIQYF;RQFGPDFPTI
5C0C;CASSLWEKLAKNIQYF;RQFGPDWIVA
5D2L;CASSQTQLWETQYF;NLVPMVATV
5D2N;CASSLAPGTTNEKLFF;NLVPMVATV
5E6I;CASSLIYPGELFF;GILGFVFTL
5E9D;CASRPGWMAGGVELYF;ELAGIGILTV
5EU6;CASSFIGGTDTQYF;YLEPGPVTV
5EUO;CASSIRSSYEQYF;GILGFVFTL
5HHM;CASSSRSSYEQYF;GILGLVFTL
5HHO;CASSIRSSYEQYF;GILEFVFTL
5HYJ;CASSLWEKLAKNIQYF;AQWGPDPAAA
5ISZ;CASSIFGQREQYF;GILGFVFTL
5JHD;CASSIGVYGYTF;GILGFVFTL
5JZI;CASRRGPYEQYF;KLVALGINAV
5MEN;CASSYQGTEAFF;ILAKFLHWL
5NHT;CASSQGLAGAGELFF;ELAGIGILTV
5NME;CASSDTVSYEQYF;SLYNTVATL
5NMF;CASSDTVSYEQYF;SLYNTIATL
5NMG;CASSDTVSYEQYF;SLFNTIAVL
5NQK;CASSQGLAGAGELFF;ELAGIGILTV
5TEZ;CASSLLGGWSEAFF;GILGFVFTL
5WKF;CASSLGQGLLYGYTF;GTSGSPIVNR
5WKH;CASSLGQGLLYGYTF;GTSGSPIINR
5XOT;CASRTRGGTLIEQYF;IPLTEEAEL
5XOV;CAWSVSVGAGVPTIYF;RYPLTFGWCF
5YXN;CASRRGPYEQYF;KLVALGINAV
5YXU;CASRRGSAELYF;KLVALGINAV
6AM5;CASSLSFGTEAFF;SMLGIGIVPV
6AMU;CASSLSFGTEAFF;MMWDRGLGMM
6AVF;CASSQRQEGDTQYF;APRGPHGGAASGL
6AVG;CASSGGHTGSNEQFF;APRGPHGGAASGL
6BJ2;CASSFRGGKTQYF;IPLTEEAEL
6BJ3;CASRTRGGTLIEQYF;IPLTEEAEL
6BJ8;CASRTRGGTLIEQYF;VPLTEDAEL
6D78;CASSWSFGTEAFF;AAGIGILTV
6DKP;CASSWSFGTEAFF;ELAGIGILTV
6EQA;CAWSETGLGTGELFF;AAGIGILTV
6EQB;CAWSETGLGMGGWQF;AAGIGILTV
6MTM;CASSMSAMGTEAFF;FEDLRVLSF
6Q3S;CASSYVGNTGELFF;SLLMWITQV
